
Begin Transaction;
INSERT INTO TreasureHunt.Hunt VALUES ('Hunt1',10*1,2,CURRENT_TIMESTAMP,'under construction');
INSERT INTO TreasureHunt.Hunt VALUES ('Hunt2',10*2,2,CURRENT_TIMESTAMP,'under construction');
INSERT INTO TreasureHunt.Hunt VALUES ('Hunt3',10*3,2,CURRENT_TIMESTAMP,'under construction');
INSERT INTO TreasureHunt.Hunt VALUES ('Hunt4',10*4,2,CURRENT_TIMESTAMP,'under construction');
INSERT INTO TreasureHunt.Hunt VALUES ('Hunt5',10*5,2,CURRENT_TIMESTAMP,'under construction');
INSERT INTO TreasureHunt.Player VALUES ('Player1','BLAH1','123 Fake Street','F');
INSERT INTO TreasureHunt.Player VALUES ('Player2','BLAH2','123 Fake Street','F');
INSERT INTO TreasureHunt.Player VALUES ('Player3','BLAH3','123 Fake Street','F');
INSERT INTO TreasureHunt.Player VALUES ('Player4','BLAH4','123 Fake Street','F');
INSERT INTO TreasureHunt.Player VALUES ('Player5','BLAH5','123 Fake Street','F');
INSERT INTO TreasureHunt.Player VALUES ('Player6','BLAH6','123 Fake Street','F');
INSERT INTO TreasureHunt.Player VALUES ('Player7','BLAH7','123 Fake Street','F');
INSERT INTO TreasureHunt.Player VALUES ('Player8','BLAH8','123 Fake Street','F');
INSERT INTO TreasureHunt.Player VALUES ('Player9','BLAH9','123 Fake Street','F');
INSERT INTO TreasureHunt.Player VALUES ('Player10','BLAH10','123 Fake Street','F');
INSERT INTO TreasureHunt.Player VALUES ('Player11','BLAH11','123 Fake Street','F');
INSERT INTO TreasureHunt.Player VALUES ('Player12','BLAH12','123 Fake Street','F');
INSERT INTO TreasureHunt.Player VALUES ('Player13','BLAH13','123 Fake Street','F');
INSERT INTO TreasureHunt.Player VALUES ('Player14','BLAH14','123 Fake Street','F');
INSERT INTO TreasureHunt.Player VALUES ('Player15','BLAH15','123 Fake Street','F');
INSERT INTO TreasureHunt.Player VALUES ('Player16','BLAH16','123 Fake Street','F');
INSERT INTO TreasureHunt.Player VALUES ('Player17','BLAH17','123 Fake Street','F');
INSERT INTO TreasureHunt.Player VALUES ('Player18','BLAH18','123 Fake Street','F');
INSERT INTO TreasureHunt.Player VALUES ('Player19','BLAH19','123 Fake Street','F');
INSERT INTO TreasureHunt.Player VALUES ('Player20','BLAH20','123 Fake Street','F');
INSERT INTO TreasureHunt.Player VALUES ('Player21','BLAH21','123 Fake Street','F');
INSERT INTO TreasureHunt.Player VALUES ('Player22','BLAH22','123 Fake Street','F');
INSERT INTO TreasureHunt.Player VALUES ('Player23','BLAH23','123 Fake Street','F');
INSERT INTO TreasureHunt.Player VALUES ('Player24','BLAH24','123 Fake Street','F');
INSERT INTO TreasureHunt.Player VALUES ('Player25','BLAH25','123 Fake Street','F');
INSERT INTO TreasureHunt.Player VALUES ('Player26','BLAH26','123 Fake Street','F');
INSERT INTO TreasureHunt.Player VALUES ('Player27','BLAH27','123 Fake Street','F');
INSERT INTO TreasureHunt.Player VALUES ('Player28','BLAH28','123 Fake Street','F');
INSERT INTO TreasureHunt.Player VALUES ('Player29','BLAH29','123 Fake Street','F');
INSERT INTO TreasureHunt.Player VALUES ('Player30','BLAH30','123 Fake Street','F');
INSERT INTO TreasureHunt.Player VALUES ('Player31','BLAH31','123 Fake Street','F');
INSERT INTO TreasureHunt.Player VALUES ('Player32','BLAH32','123 Fake Street','F');
INSERT INTO TreasureHunt.Player VALUES ('Player33','BLAH33','123 Fake Street','F');
INSERT INTO TreasureHunt.Player VALUES ('Player34','BLAH34','123 Fake Street','F');
INSERT INTO TreasureHunt.Player VALUES ('Player35','BLAH35','123 Fake Street','F');
INSERT INTO TreasureHunt.Player VALUES ('Player36','BLAH36','123 Fake Street','F');
INSERT INTO TreasureHunt.Player VALUES ('Player37','BLAH37','123 Fake Street','F');
INSERT INTO TreasureHunt.Player VALUES ('Player38','BLAH38','123 Fake Street','F');
INSERT INTO TreasureHunt.Player VALUES ('Player39','BLAH39','123 Fake Street','F');
INSERT INTO TreasureHunt.Player VALUES ('Player40','BLAH40','123 Fake Street','F');
INSERT INTO TreasureHunt.Player VALUES ('Player41','BLAH41','123 Fake Street','F');
INSERT INTO TreasureHunt.Player VALUES ('Player42','BLAH42','123 Fake Street','F');
INSERT INTO TreasureHunt.Player VALUES ('Player43','BLAH43','123 Fake Street','F');
INSERT INTO TreasureHunt.Player VALUES ('Player44','BLAH44','123 Fake Street','F');
INSERT INTO TreasureHunt.Player VALUES ('Player45','BLAH45','123 Fake Street','F');
INSERT INTO TreasureHunt.Player VALUES ('Player46','BLAH46','123 Fake Street','F');
INSERT INTO TreasureHunt.Player VALUES ('Player47','BLAH47','123 Fake Street','F');
INSERT INTO TreasureHunt.Player VALUES ('Player48','BLAH48','123 Fake Street','F');
INSERT INTO TreasureHunt.Player VALUES ('Player49','BLAH49','123 Fake Street','F');
INSERT INTO TreasureHunt.Player VALUES ('Player50','BLAH50','123 Fake Street','F');
INSERT INTO TreasureHunt.Team VALUES ('Team1',CURRENT_TIMESTAMP);
INSERT INTO TreasureHunt.Team VALUES ('Team2',CURRENT_TIMESTAMP);
INSERT INTO TreasureHunt.Team VALUES ('Team3',CURRENT_TIMESTAMP);
INSERT INTO TreasureHunt.Team VALUES ('Team4',CURRENT_TIMESTAMP);
INSERT INTO TreasureHunt.Team VALUES ('Team5',CURRENT_TIMESTAMP);
INSERT INTO TreasureHunt.Team VALUES ('Team6',CURRENT_TIMESTAMP);
INSERT INTO TreasureHunt.Team VALUES ('Team7',CURRENT_TIMESTAMP);
INSERT INTO TreasureHunt.Team VALUES ('Team8',CURRENT_TIMESTAMP);
INSERT INTO TreasureHunt.Team VALUES ('Team9',CURRENT_TIMESTAMP);
INSERT INTO TreasureHunt.Team VALUES ('Team10',CURRENT_TIMESTAMP);
INSERT INTO TreasureHunt.Team VALUES ('Team11',CURRENT_TIMESTAMP);
INSERT INTO TreasureHunt.Team VALUES ('Team12',CURRENT_TIMESTAMP);
INSERT INTO TreasureHunt.Team VALUES ('Team13',CURRENT_TIMESTAMP);
INSERT INTO TreasureHunt.Team VALUES ('Team14',CURRENT_TIMESTAMP);
INSERT INTO TreasureHunt.Team VALUES ('Team15',CURRENT_TIMESTAMP);
INSERT INTO TreasureHunt.Team VALUES ('Team16',CURRENT_TIMESTAMP);
INSERT INTO TreasureHunt.Team VALUES ('Team17',CURRENT_TIMESTAMP);
INSERT INTO TreasureHunt.Team VALUES ('Team18',CURRENT_TIMESTAMP);
INSERT INTO TreasureHunt.Team VALUES ('Team19',CURRENT_TIMESTAMP);
INSERT INTO TreasureHunt.Team VALUES ('Team20',CURRENT_TIMESTAMP);
INSERT INTO TreasureHunt.Badge VALUES ('Badge1','This is a badge','You must win this badge 1');
INSERT INTO TreasureHunt.Badge VALUES ('Badge2','This is a badge','You must win this badge 2');
INSERT INTO TreasureHunt.Badge VALUES ('Badge3','This is a badge','You must win this badge 3');
INSERT INTO TreasureHunt.Badge VALUES ('Badge4','This is a badge','You must win this badge 4');
INSERT INTO TreasureHunt.Badge VALUES ('Badge5','This is a badge','You must win this badge 5');
INSERT INTO TreasureHunt.Badge VALUES ('Badge6','This is a badge','You must win this badge 6');
INSERT INTO TreasureHunt.Badge VALUES ('Badge7','This is a badge','You must win this badge 7');
INSERT INTO TreasureHunt.Badge VALUES ('Badge8','This is a badge','You must win this badge 8');
INSERT INTO TreasureHunt.Badge VALUES ('Badge9','This is a badge','You must win this badge 9');
INSERT INTO TreasureHunt.Badge VALUES ('Badge10','This is a badge','You must win this badge 10');

INSERT INTO TreasureHunt.Review VALUES ('Player1','Hunt1',5,CURRENT_TIMESTAMP,'Description');
INSERT INTO TreasureHunt.Review VALUES ('Player1','Hunt5',5,CURRENT_TIMESTAMP,'Description');
INSERT INTO TreasureHunt.Review VALUES ('Player1','Hunt4',5,CURRENT_TIMESTAMP,'Description');
INSERT INTO TreasureHunt.Review VALUES ('Player1','Hunt3',5,CURRENT_TIMESTAMP,'Description');
INSERT INTO TreasureHunt.Review VALUES ('Player1','Hunt2',5,CURRENT_TIMESTAMP,'Description');
INSERT INTO TreasureHunt.Waypoint VALUES ('Hunt1',1,'Second Waypoint','VERCODE','CLUE',2.345,4.567,NULL);
INSERT INTO TreasureHunt.Waypoint VALUES ('Hunt1',2,'First Waypoint','VERCODE','CLUE',NULL,NULL,'a url');
INSERT INTO TreasureHunt.Waypoint VALUES ('Hunt2',1,'First Waypoint','VERCODE','CLUE',2.345,4.567,NULL);
INSERT INTO TreasureHunt.Waypoint VALUES ('Hunt2',2,'Another Waypoint','VERCODE','CLUE',NULL,NULL,'another url');
INSERT INTO TreasureHunt.MemberOf VALUES ('Player20','Team1',CURRENT_TIMESTAMP);
INSERT INTO TreasureHunt.MemberOf VALUES ('Player21','Team1',CURRENT_TIMESTAMP);
INSERT INTO TreasureHunt.MemberOf VALUES ('Player22','Team2',CURRENT_TIMESTAMP);
INSERT INTO TreasureHunt.MemberOf VALUES ('Player23','Team2',CURRENT_TIMESTAMP);






COMMIT;
